
<resources>
    <color name="seed">#0B0B45</color>
    <color name="md_theme_light_primary">#5355A9</color>
    <color name="md_theme_light_onPrimary">#FFFFFF</color>
    <color name="md_theme_light_primaryContainer">#E1E0FF</color>
    <color name="md_theme_light_onPrimaryContainer">#0A0664</color>
    <color name="md_theme_light_secondary">#5854A8</color>
    <color name="md_theme_light_onSecondary">#FFFFFF</color>
    <color name="md_theme_light_secondaryContainer">#E3DFFF</color>
    <color name="md_theme_light_onSecondaryContainer">#120463</color>
    <color name="md_theme_light_tertiary">#6A4FA3</color>
    <color name="md_theme_light_onTertiary">#FFFFFF</color>
    <color name="md_theme_light_tertiaryContainer">#EADDFF</color>
    <color name="md_theme_light_onTertiaryContainer">#25005A</color>
    <color name="md_theme_light_error">#BA1A1A</color>
    <color name="md_theme_light_errorContainer">#FFDAD6</color>
    <color name="md_theme_light_onError">#FFFFFF</color>
    <color name="md_theme_light_onErrorContainer">#410002</color>
    <color name="md_theme_light_background">#FEFBFF</color>
    <color name="md_theme_light_onBackground">#001849</color>
    <color name="md_theme_light_surface">#FEFBFF</color>
    <color name="md_theme_light_onSurface">#001849</color>
    <color name="md_theme_light_surfaceVariant">#E4E1EC</color>
    <color name="md_theme_light_onSurfaceVariant">#46464F</color>
    <color name="md_theme_light_outline">#777680</color>
    <color name="md_theme_light_inverseOnSurface">#EEF0FF</color>
    <color name="md_theme_light_inverseSurface">#002B75</color>
    <color name="md_theme_light_inversePrimary">#C0C1FF</color>
    <color name="md_theme_light_shadow">#000000</color>
    <color name="md_theme_light_surfaceTint">#5355A9</color>
    <color name="md_theme_light_outlineVariant">#C8C5D0</color>
    <color name="md_theme_light_scrim">#000000</color>
    <color name="md_theme_dark_primary">#C0C1FF</color>
    <color name="md_theme_dark_onPrimary">#232478</color>
    <color name="md_theme_dark_primaryContainer">#3B3D8F</color>
    <color name="md_theme_dark_onPrimaryContainer">#E1E0FF</color>
    <color name="md_theme_dark_secondary">#C4C0FF</color>
    <color name="md_theme_dark_onSecondary">#292377</color>
    <color name="md_theme_dark_secondaryContainer">#403B8F</color>
    <color name="md_theme_dark_onSecondaryContainer">#E3DFFF</color>
    <color name="md_theme_dark_tertiary">#D2BBFF</color>
    <color name="md_theme_dark_onTertiary">#3B1D71</color>
    <color name="md_theme_dark_tertiaryContainer">#523689</color>
    <color name="md_theme_dark_onTertiaryContainer">#EADDFF</color>
    <color name="md_theme_dark_error">#FFB4AB</color>
    <color name="md_theme_dark_errorContainer">#93000A</color>
    <color name="md_theme_dark_onError">#690005</color>
    <color name="md_theme_dark_onErrorContainer">#FFDAD6</color>
    <color name="md_theme_dark_background">#001849</color>
    <color name="md_theme_dark_onBackground">#DBE1FF</color>
    <color name="md_theme_dark_surface">#001849</color>
    <color name="md_theme_dark_onSurface">#DBE1FF</color>
    <color name="md_theme_dark_surfaceVariant">#46464F</color>
    <color name="md_theme_dark_onSurfaceVariant">#C8C5D0</color>
    <color name="md_theme_dark_outline">#918F9A</color>
    <color name="md_theme_dark_inverseOnSurface">#001849</color>
    <color name="md_theme_dark_inverseSurface">#DBE1FF</color>
    <color name="md_theme_dark_inversePrimary">#5355A9</color>
    <color name="md_theme_dark_shadow">#000000</color>
    <color name="md_theme_dark_surfaceTint">#C0C1FF</color>
    <color name="md_theme_dark_outlineVariant">#46464F</color>
    <color name="md_theme_dark_scrim">#000000</color>
</resources>
